<TopologieFile Version="V5.5 + SP1" NextFreeID="36"><WiringTypes><WiringType ID="1" Class="0" Name="Copper"/><WiringType ID="28" Name="Lichtwellenleiter" Class="18"/><WiringType ID="29" Name="Lichtwellenleiter" Class="13"/><WiringType ID="30" Name="Lichtwellenleiter" Class="46"/><WiringType ID="31" Name="Lichtwellenleiter" Class="54"/><WiringType ID="32" Name="Lichtwellenleiter" Class="24"/><WiringType ID="33" Name="Lichtwellenleiter" Class="99"/></WiringTypes><Project ID="2" Name="SINAMICS_tutorial" ProjPath="C:\Program Files\Siemens\Step7\s7proj\Sinamics" EnvID="27" EnvType="1122305"><AvailableSubnetsStep7><Subnet ID="3" Name="Ethernet(1)"/></AvailableSubnetsStep7><AvailableDeviceTypesStep7><DeviceType ID="5" ObjType="18879790" Name="S120xCU320x2xDPxCBE20"><GraphLayout BitMapPath="C:\Program Files\Siemens\Step7\S7data\Nsbmp\u7ts120.bmp"/><InterfaceType ID="7" ObjType="18879791"><PortType ID="9" ObjType="18879497" WiringTypeRefId="1"/><PortType ID="11" ObjType="18879498" WiringTypeRefId="1"/><PortType ID="13" ObjType="18879499" WiringTypeRefId="1"/><PortType ID="15" ObjType="18879500" WiringTypeRefId="1"/></InterfaceType></DeviceType><DeviceType ID="17" ObjType="2367563" Name="CP 1616" Webable="1"><InterfaceType ID="21" ObjType="2367564"><PortType ID="23" ObjType="2367562" WiringTypeRefId="1"/></InterfaceType></DeviceType><DeviceType ID="19" ObjType="1315651"><GraphLayout BitMapPath="PC.bmp"/><InterfaceType ID="35" ObjType="1335378"/></DeviceType></AvailableDeviceTypesStep7><UsedDevicesStep7><Device ID="4" Name="s120xcbe20" ObjID="1" IP="" DeviceTypeRefId="5" MLFB="6SL3040-1MA00-0AA0(CBE20inCU320-2DP,S120)" RTClass3Type="RT" SupportRTClass3="1" IRTDomain="syncdomain-default" IRTMaster="0" Station="SIMATIC PC Station(1)" DeviceID="2753793" SubsystemID="100" DeviceNo="1" SubnetRefId="3" PNControllerRefId="16"><Interface ID="6" Name="s120xcbe20" ObjID="2" InterfaceTypeRefId="7"><Port ID="8" Name="Port 1 (X1400 P1)" ObjID="4" SlotNr="1" PortTypeRefId="9" ConnectionRefId="24"/><Port ID="10" Name="Port 2 (X1400 P2)" ObjID="5" SlotNr="2" PortTypeRefId="11"/><Port ID="12" Name="Port 3 (X1400 P3)" ObjID="6" SlotNr="3" PortTypeRefId="13"/><Port ID="14" Name="Port 4 (X1400 P4)" ObjID="7" SlotNr="4" PortTypeRefId="15"/></Interface><GraphLayout XPos="-51" YPos="-142" IsExpanded="1"/></Device><Device ID="16" Name="PN-IO(CP 1616_1)" DiagHeader="1" ObjID="1" IP="192.168.0.1" DeviceTypeRefId="17" MLFB="6GK1161-6AA00" RTClass3Type="RT" SupportRTClass3="1" IRTDomain="syncdomain-default" IRTMaster="0" StationRefId="18" StationPos="1" Station="SIMATIC PC Station(1)" DeviceID="2752515" PNControllerRefId="16" DeviceNo="0" SubnetRefId="3" IsInterface="1"><Interface ID="20" Name="CP 1616_1" ObjID="1" InterfaceTypeRefId="21"><Port ID="22" Name="Port 1 (X1 P1 R)" ObjID="1" SlotNr="1" IsRingCapable="1" PortTypeRefId="23" ConnectionRefId="24"/><Port ID="25" Name="Port 2 (X1 P2 R)" ObjID="2" SlotNr="2" IsRingCapable="1" PortTypeRefId="23"/><Port ID="26" Name="Port 3 (X1 P3)" ObjID="3" SlotNr="3" PortTypeRefId="23"/><Port ID="27" Name="Port 4 (X1 P4)" ObjID="4" SlotNr="4" PortTypeRefId="23"/></Interface></Device><Device ID="18" ObjID="4" Name="SIMATIC PC Station(1)" DeviceTypeRefId="19"><GraphLayout XPos="-49" YPos="-88" IsExpanded="1"/><Interface ID="34" ObjID="1" Name="Stationmanager" InterfaceTypeRefId="35" ODString="00146052, 00000001, 00000000, 00000000, 00112001, 0000001b, 00000000"/></Device></UsedDevicesStep7><ConnectionList><Connection ID="24" PortToPortLength="20000" PortToPortDelay="120"><Comment></Comment></Connection></ConnectionList><UserSettings><GraphLayout InitialPosLeft="-138" InitialPosRight="120" InitialPosTop="-151" InitialPosBottom="-9" SliderPos="6"/><WindowSettings ShowDeltaList="1" ShowCatalogList="1" InOnlineMode="1" SortedColumn="0" WndPosSize="231;28;904;672" TableFilter="0" ShowStationName="1" Unit="m" SelectionIDs="8;"/><WallpaperList/><GroupList/><OptionsSettings MiniatureAndCatalogView="1" StationsAndModuleView="0" NodesListView="1"/></UserSettings></Project></TopologieFile>
